{
	"info": {
		"_postman_id": "00059d97-2b9d-45b7-9ce4-e1184701032e",
		"name": "Movie",
		"schema": "https://schema.getpostman.com/json/collection/v2.1.0/collection.json",
		"_exporter_id": "49014540",
		"_collection_link": "https://cindypatriciak-3015394.postman.co/workspace/cindypatriciak's-Workspace~25386415-7deb-4f60-81a6-1d10bd1129a4/collection/49014540-00059d97-2b9d-45b7-9ce4-e1184701032e?action=share&source=collection_link&creator=49014540"
	},
	"item": [
		{
			"name": "CreateMovie",
			"request": {
				"auth": {
					"type": "bearer",
					"bearer": [
						{
							"key": "token",
							"value": "eyJhbGciOiJIUzI1NiIsInR5cCI6IkpXVCJ9.eyJ1c2VyX2lkIjoiNjkyNmI4MzhjYTU3MmRlYzc4OTNkZmRkIiwidXNlcm5hbWUiOiJDaW5keSBQYXRyaWNpYSIsImlhdCI6MTc2NDIwOTY1OCwiZXhwIjoxNzY0MjEwNTU4fQ.v0tvjklSoSG72FpQLMPnOWN2lNCVW5WbFYkV-KDMjNU",
							"type": "string"
						}
					]
				},
				"method": "POST",
				"header": [
					{
						"key": "Accept",
						"value": "application/json",
						"type": "text"
					}
				],
				"body": {
					"mode": "raw",
					"raw": "{\r\n    \"judul\" : \"Avatar 2\",\r\n    \"tahunRilis\" : \"2022\",\r\n    \"sutradara\" : \"James cameron\"\r\n}",
					"options": {
						"raw": {
							"language": "json"
						}
					}
				},
				"url": {
					"raw": "http://localhost:3000/api/movie",
					"protocol": "http",
					"host": [
						"localhost"
					],
					"port": "3000",
					"path": [
						"api",
						"movie"
					]
				}
			},
			"response": []
		},
		{
			"name": "listMovie",
			"protocolProfileBehavior": {
				"disableBodyPruning": true
			},
			"request": {
				"auth": {
					"type": "bearer",
					"bearer": [
						{
							"key": "token",
							"value": "eyJhbGciOiJIUzI1NiIsInR5cCI6IkpXVCJ9.eyJ1c2VyX2lkIjoiNjkyNmI4MzhjYTU3MmRlYzc4OTNkZmRkIiwidXNlcm5hbWUiOiJDaW5keSBQYXRyaWNpYSIsImlhdCI6MTc2NDIwOTY1OCwiZXhwIjoxNzY0MjEwNTU4fQ.v0tvjklSoSG72FpQLMPnOWN2lNCVW5WbFYkV-KDMjNU",
							"type": "string"
						}
					]
				},
				"method": "GET",
				"header": [
					{
						"key": "Accept",
						"value": "application/json",
						"type": "text"
					}
				],
				"body": {
					"mode": "raw",
					"raw": "{\r\n    \"judul\" : \"Avatar 2\",\r\n    \"tahunRilis\" : \"2022\",\r\n    \"sutradara\" : \"James cameron\"\r\n}",
					"options": {
						"raw": {
							"language": "json"
						}
					}
				},
				"url": {
					"raw": "http://localhost:3000/api/movie",
					"protocol": "http",
					"host": [
						"localhost"
					],
					"port": "3000",
					"path": [
						"api",
						"movie"
					]
				}
			},
			"response": []
		},
		{
			"name": "detailMovie",
			"protocolProfileBehavior": {
				"disableBodyPruning": true
			},
			"request": {
				"auth": {
					"type": "bearer",
					"bearer": [
						{
							"key": "token",
							"value": "eyJhbGciOiJIUzI1NiIsInR5cCI6IkpXVCJ9.eyJ1c2VyX2lkIjoiNjkyNmI4MzhjYTU3MmRlYzc4OTNkZmRkIiwidXNlcm5hbWUiOiJDaW5keSBQYXRyaWNpYSIsImlhdCI6MTc2NDIwOTY1OCwiZXhwIjoxNzY0MjEwNTU4fQ.v0tvjklSoSG72FpQLMPnOWN2lNCVW5WbFYkV-KDMjNU",
							"type": "string"
						}
					]
				},
				"method": "GET",
				"header": [
					{
						"key": "Accept",
						"value": "application/json",
						"type": "text"
					}
				],
				"body": {
					"mode": "raw",
					"raw": "{\r\n    \"judul\" : \"Avatar 2\",\r\n    \"tahunRilis\" : \"2022\",\r\n    \"sutradara\" : \"James cameron\"\r\n}",
					"options": {
						"raw": {
							"language": "json"
						}
					}
				},
				"url": {
					"raw": "http://localhost:3000/api/movie/6927b404fbfcd144ad97f8c4",
					"protocol": "http",
					"host": [
						"localhost"
					],
					"port": "3000",
					"path": [
						"api",
						"movie",
						"6927b404fbfcd144ad97f8c4"
					]
				}
			},
			"response": []
		},
		{
			"name": "updateMovie",
			"request": {
				"auth": {
					"type": "bearer",
					"bearer": [
						{
							"key": "token",
							"value": "eyJhbGciOiJIUzI1NiIsInR5cCI6IkpXVCJ9.eyJ1c2VyX2lkIjoiNjkyNmI4MzhjYTU3MmRlYzc4OTNkZmRkIiwidXNlcm5hbWUiOiJDaW5keSBQYXRyaWNpYSIsImlhdCI6MTc2NDIwOTY1OCwiZXhwIjoxNzY0MjEwNTU4fQ.v0tvjklSoSG72FpQLMPnOWN2lNCVW5WbFYkV-KDMjNU",
							"type": "string"
						}
					]
				},
				"method": "PUT",
				"header": [
					{
						"key": "Accept",
						"value": "application/json",
						"type": "text"
					}
				],
				"body": {
					"mode": "raw",
					"raw": "{\r\n    \"judul\" : \"Avatar 2 2022\",\r\n    \"tahunRilis\" : \"2022\",\r\n    \"sutradara\" : \"James cameron\"\r\n}",
					"options": {
						"raw": {
							"language": "json"
						}
					}
				},
				"url": {
					"raw": "http://localhost:3000/api/movie/6927b404fbfcd144ad97f8c4",
					"protocol": "http",
					"host": [
						"localhost"
					],
					"port": "3000",
					"path": [
						"api",
						"movie",
						"6927b404fbfcd144ad97f8c4"
					]
				}
			},
			"response": []
		},
		{
			"name": "deleteMovie",
			"request": {
				"auth": {
					"type": "bearer",
					"bearer": [
						{
							"key": "token",
							"value": "eyJhbGciOiJIUzI1NiIsInR5cCI6IkpXVCJ9.eyJ1c2VyX2lkIjoiNjkyNmI4MzhjYTU3MmRlYzc4OTNkZmRkIiwidXNlcm5hbWUiOiJDaW5keSBQYXRyaWNpYSIsImlhdCI6MTc2NDIwOTY1OCwiZXhwIjoxNzY0MjEwNTU4fQ.v0tvjklSoSG72FpQLMPnOWN2lNCVW5WbFYkV-KDMjNU",
							"type": "string"
						}
					]
				},
				"method": "DELETE",
				"header": [
					{
						"key": "Accept",
						"value": "application/json",
						"type": "text"
					}
				],
				"body": {
					"mode": "raw",
					"raw": "{\r\n    \"judul\" : \"Avatar 2 2022\",\r\n    \"tahunRilis\" : \"2022\",\r\n    \"sutradara\" : \"James cameron\"\r\n}",
					"options": {
						"raw": {
							"language": "json"
						}
					}
				},
				"url": {
					"raw": "http://localhost:3000/api/movie/6927b404fbfcd144ad97f8c4",
					"protocol": "http",
					"host": [
						"localhost"
					],
					"port": "3000",
					"path": [
						"api",
						"movie",
						"6927b404fbfcd144ad97f8c4"
					]
				}
			},
			"response": []
		},
		{
			"name": "signup",
			"request": {
				"method": "POST",
				"header": [
					{
						"key": "Authorization",
						"value": "",
						"type": "text"
					}
				],
				"body": {
					"mode": "raw",
					"raw": "{\r\n    \"username\" : \"Cindy Patricia\",\r\n    \"email\" : \"cindypatricia@gmail.com\",\r\n    \"password\" : \"cindypatricia098\"    \r\n}",
					"options": {
						"raw": {
							"language": "json"
						}
					}
				},
				"url": {
					"raw": "http://localhost:3000/api/signup",
					"protocol": "http",
					"host": [
						"localhost"
					],
					"port": "3000",
					"path": [
						"api",
						"signup"
					]
				}
			},
			"response": []
		},
		{
			"name": "signin",
			"request": {
				"method": "POST",
				"header": [],
				"body": {
					"mode": "raw",
					"raw": "{\r\n    \"email\" : \"cindypatricia@gmail.com\",\r\n    \"password\" : \"cindypatricia098\" \r\n}",
					"options": {
						"raw": {
							"language": "json"
						}
					}
				},
				"url": {
					"raw": "http://localhost:3000/api/signin",
					"protocol": "http",
					"host": [
						"localhost"
					],
					"port": "3000",
					"path": [
						"api",
						"signin"
					]
				}
			},
			"response": []
		}
	]
}